Elephant In The Room`Rowan Drake`Dear Ella,
Alone`Burna Boy`Black Panther: Wakanda Forever - Music From and Inspired By
Chocolate`The 1975`The 1975
Evermore`Hollow Coves`Evermore
No Complaints`Noah Kahan`Stick Season (We'll All Be Here Forever)
Highs & Lows`Chance Peña`Highs & Lows
Oh, Round Lake`Novo Amor`Birthplace
Dial Drunk (with Post Malone)`Noah Kahan`Dial Drunk (with Post Malone)
Blossom`Dermot Kennedy`Sonder (2023)
This Is The Life`Micky`This Is The Life
Praise You Anywhere`Brandon Lake`Praise You Anywhere (From the Praise Pit)
Praise (feat. Brandon Lake, Chris Brown & Chandler Moore)`Elevation Worship`CAN YOU IMAGINE?
It's Always Been You`Caleb Hearn`It's Always Been You
I Choose You`Forest Blakk`I Choose You
What's Left of You`Chord Overstreet`What's Left of You
Single Part of You`Jamie Grey`Single Part of You
That Part`Lauren Spencer Smith`That Part
Saturn`Sleeping At Last`Saturn
Confidence`Sanctus Real`Changed
Forever Isn't Long Enough (feat. High Dive Heart)`Jason Reeves`Sketches
Carry You`Novo Amor`Bathing Beach
Joy of the Lord (feat. Dante Bowe, Katie Torwalt & Mav City Gospel Choir)`Maverick City Music`Jubilee: Juneteenth Edition
If We Were Vampires (feat. Wesley Schultz) - Spotify Singles`Noah Kahan`Spotify Singles
In the Back of My Mind`Ryan McMullan`In the Back of My Mind
Nobody (feat. Matthew West)`Casting Crowns`Only Jesus
After Rain`Dermot Kennedy`Dermot Kennedy
Glory`Dermot Kennedy`Dermot Kennedy
Jenny Jenkins`Mt. Joy`Mt. Joy
Innocence and Sadness`Dermot Kennedy`Sonder
Just the Way You Are`Bruno Mars`Doo-Wops & Hooligans
i don't wanna know - acoustic`GOLDHOUSE`i don't wanna know
An Evening I Will Not Forget - Acoustic`Dermot Kennedy`Dermot Kennedy
I Lived`OneRepublic`Native
Welcome to Wonderland`Anson Seabra`Welcome to Wonderland
Eye Of The Storm`Caleb Hearn`Eye Of The Storm
Breathe Again`Harrison Storm`Breathe Again
Build My Life`Housefires`Housefires III
Be Thou My Vision`Celtic Worship`Homeward
Waiting For Love`Avicii`Stories
World Outside Your Window - Studio`Hillsong Young & Free`All Of My Best Friends
Can You Feel the Love Tonight`Anson Seabra`Can You Feel the Love Tonight
Maker of the Moon`Elle Limebear`Lost in Wonder
Sunday Is Coming`Phil Wickham`Sunday Is Coming
Love To Lose`Sandro Cavazza`Love To Lose
Can't Be By Myself`Lowswimmer`Can't Be By Myself
A Father's Blessing`Benjamin William Hastings`Benjamin William Hastings
Irreplaceable`JUNG`Cause In The End You Know That Everybody Dies
Kings And Kingdoms - Michael Schawel Remix`People of The Earth`Kings And Kingdoms (Michael Schawel Remix)
If You Love Her`Forest Blakk`If You Love Her
Come Home`We Are the Guests`Come Home
Tribulation (feat. VÉRITÉ)`Matt Maeson`Tribulation (feat. VÉRITÉ)
I'll Be Waiting`Cian Ducrot`I'll Be Waiting (Sad At Christmas)
Moon`Jonah Kagen`Moon
blame's on me`Alexander Stewart`blame's on me
Gratitude`Brandon Lake`House Of Miracles
Waterfalls`Atli`Waterfalls
Holding On`Natan Dagur`Holding On
More Than You Know`Axwell /\ Ingrosso`More Than You Know
Life is a Highway`Rascal Flatts`Cars (Original Motion Picture Soundtrack)
Afterglow - Acoustic`Lukas Larsson`Afterglow (Acoustic)
Hold Her While You Can`Stephen Sanchez`What Was, Not Now
The Best Thing`Paper Planes`Simple Things
Forest Fires`Axel Flóvent`Forest Fires
Digging Shelters`Neil Halstead`Palindrome Hunches
Citizens`Jon Guerra`Keeper of Days
Devil Doesn’t Bargain`Alec Benjamin`(Un)Commentary
If the World Was Ending (feat. Julia Michaels)`JP Saxe`If the World Was Ending (feat. Julia Michaels)
Battle Belongs`Phil Wickham`Hymn of Heaven
Figure You Out`VOILÀ`Long Story Short
Run`Harrison Storm`Run
Rome`Dermot Kennedy`Without Fear
echo`Alexander Stewart`echo
New Perspective`Noah Kahan`Stick Season
Everywhere, Everything`Noah Kahan`Stick Season
Orange Juice`Noah Kahan`Stick Season
Hymn of Heaven`Phil Wickham`Hymn of Heaven
No One`Elevation Worship`LION
Trying My Best`Anson Seabra`Songs I Wrote in My Bedroom
Walked Through Hell`Anson Seabra`Feeling For My Life
Unloving You`Anson Seabra`Unloving You
You Won't Relent - Live`Jesus Culture`Your Love Never Fails (Live)
All Hail King Jesus`Jeremy Riddle`More
Swan Upon Leda`Hozier`Swan Upon Leda
Blessed Be Your Name`Matt Redman`Sing Like Never Before: The Essential Collection
Slávny Boh - Live Chapel`BCC Worship`Jediné miesto (Live Chapel)
Lucky for You`Novo Amor`No Fun / Lucky for You
Move Your Heart (feat. Dante Bowe & Elyssa Smith)`Maverick City Music`Move Your Heart
creature`half•alive`Now, Not Yet
All For You`Cian Ducrot`All For You
The Black and White`The Band CAMINO`My Thoughts On You
Carry On - Acoustic`Young Rising Sons`Carry On (Acoustic)
Love & War in Your Twenties`Jordy Searcy`Dark in the City
Little Vessels`The Lighthouse And The Whaler`This Is an Adventure
Stick Season`Noah Kahan`Stick Season
Reckless Love`Cory Asbury`Reckless Love
Build Your Church (feat. Naomi Raine & Chris Brown)`Elevation Worship`Old Church Basement
Feel`FLETCHER`THE S(EX) TAPES
Time Will Tell`Gregory Alan Isakov`The Weatherman
Forever YHWH (feat. Tiffany Hudson)`Elevation Worship`LION
This Is a Move`Brandon Lake`This Is a Move
Firm Foundation (He Won't)`Maverick City Music`Firm Foundation (He Won't)
Forever`Bethel Music`Tides Live
Living Hope`Phil Wickham`Living Hope
The Stable Song`Gregory Alan Isakov`Gregory Alan Isakov with the Colorado Symphony
Halloween`Novo Amor`Cannot Be, Whatsoever
I Feel Better`Novo Amor`Cannot Be, Whatsoever
Decimal`Novo Amor`Cannot Be, Whatsoever
3 AM`RELIC`Stray Dogs
Defender`Tribl`Defender
That’s The Power - Studio`Hillsong Worship`That's The Power
Almond Eyes`Brandon Lake`Almond Eyes
Promises (feat. Joe L Barnes)`Maverick City Music`Maverick City Music, Vol. 3: Pt. 1
30,000 Feet`Ben Rector`Brand New
Garden`Jervis Campbell`Garden
Bed of the Lake`Ciaran McMeeken`Bed of the Lake
Stupid Deep / Sinking Deep`Mass Anthem`Waymaker Worship
Sophie`Rossa Murray & the blowin' winds`Sophie
Arizona`Josh Kerr`Backseats and Burnt CDs
Way Out West`REUNIØN`Way Out West
When I Lock Eyes With You`Maverick City Music`You Hold It All Together
Champion`Maverick City Music`You Hold It All Together
God Will Work It Out (feat. Israel Houghton & Mav City Gospel Choir)`Maverick City Music`Jubilee: Juneteenth Edition
Stupid Deep`Jon Bellion`Glory Sound Prep
Never Come Back Again`Austin Plaine`Austin Plaine
broken - acoustic`lovelytheband`broken (acoustic)
Sell the Furniture`Dan Mills`Small Talk and Saturdays
Wildest Dreams`Marc Scibilia`7th & Christopher
After the War`Branches`White Flag
The Draw`Bastille`All This Bad Blood
Fear Of Water`Noah Kahan`I Was / I Am
Medicine`Havelin`Alright, Alright, Okay
Me Without You`Havelin`Me Without You
Wait On You (feat. Dante Bowe & Chandler Moore)`Elevation Worship`Old Church Basement
Wait On You (Reprise) (feat. Dante Bowe & Chandler Moore)`Elevation Worship`Old Church Basement
Welcome Home, Son`Radical Face`Ghost
Animal`Noah Kahan`Animal
Thelma + Louise`Bastille`Thelma + Louise
The Parting Glass (feat. Darlingside)`Henry Jamison`The Parting Glass (feat. Darlingside)
New Wine - Live`Hillsong Worship`There Is More
Some Day Soon`Alexi Murdoch`Towards the Sun
Jireh (feat. Chandler Moore & Naomi Raine)`Elevation Worship`Old Church Basement
blue bird`Zachary Knowles`feelings
Godlight`Noah Kahan`Godlight
Need Your Love (with Noah Kahan)`Gryffin`Gravity
Psalm 42 (Loudest Praise)`Shane & Shane`Psalm 42 (Loudest Praise)
Crowns`Hillsong Worship`let there be light.
Old Church Basement (feat. Dante Bowe)`Elevation Worship`Old Church Basement
Hey Lovely`Chance Peña`Hey Lovely
What I'm Here For`NEEDTOBREATHE`What I’m Here For
Eloise`Penny and Sparrow`Finch
Falling Up - Guitar Acoustic`Dean Lewis`Falling Up (Acoustics)
Missing Piece`Vance Joy`Missing Piece
Part of Me`Noah Kahan`Part of Me
Cold Sets In`World's First Cinema`Cold Sets In
Don't Give Up on Love`Kygo`Golden Hour
Colourway`Novo Amor`Bathing Beach
Baby Blue`Rence`Baby Blue
You've Got the Wrong Guy`St. Lundi`You've Got the Wrong Guy
State Lines`Novo Amor`Birthplace
Monsters in the Dark`MyKey`Faces
Rest Of Us`Blake Rose`Rest Of Us
rock + roll`EDEN`i think you think too much of me
To Live and Die in New England / Farther`Terence Ryan`Don't Panic
Shadow & Light`Martin Luke Brown`Shadow & Light
Here With Me`Elina`Here With Me
Low`Greyson Chance`Low
The Days`Avicii`The Days / Nights
Demons`Imagine Dragons`Night Visions
We Own The Night`The Wanted`Word Of Mouth (Deluxe)
Haven (from Life Is Strange)`Novo Amor`Haven (from Life Is Strange)
Glorious Day - Live`Passion`Worthy Of Your Name (Live)
Hope Has a Name`River Valley Worship`Million Lifetimes
Heroes`Amanda Cook`Brave New World
Survival (feat. Drew Holcomb & Ellie Holcomb) - Single Version`NEEDTOBREATHE`Survival (feat. Drew Holcomb & Ellie Holcomb)
Lord From Sorrows Deep I Call (Psalm 42) - Live`Keith & Kristyn Getty`Sing! Psalms: Ancient + Modern (Live At The Getty Music Worship Conference)
Champion - Live`Bethel Music`Revival's In The Air (Live)
There Is A King (Morning & Evening)`Elevation Worship`Graves Into Gardens: Morning & Evening
GOD SAID LIVE! (Live)`Elevation Worship`Graves Into Gardens (Live)
What Would You Do (Live) (feat. Isaiah Templeton)`Elevation Worship`Graves Into Gardens (Live)
There Is A King (Live)`Elevation Worship`Graves Into Gardens (Live)
Have My Heart (Vamp) [Live]`Elevation Worship`Graves Into Gardens (Live)
The Blessing (Live)`Elevation Worship`Graves Into Gardens (Live)
No One Beside (Live)`Elevation Worship`Graves Into Gardens (Live)
Graves Into Gardens (Live)`Elevation Worship`Graves Into Gardens (Live)
My Testimony (Live)`Elevation Worship`Graves Into Gardens (Live)
RATTLE! (Live)`Elevation Worship`Graves Into Gardens (Live)
Your Ways Are Higher Than Mine`The Collingsworth Family`Mercy & Love
Yes I Will`Vertical Worship`Bright Faith Bold Future
Whom Shall I Fear (God Of Angel Armies)`Chris Tomlin`Burning Lights
When You Walk Into The Room`Bryan & Katie Torwalt`Kingdom Come
Tremble (Live)`UPPERROOM`Moments
We Cry Out - Live`Gateway Worship`Wake Up the World (Live)
Touch Of Heaven (Live Acoustic) - Bonus`Hillsong Worship`There Is More
To Our God`Bethel Music`For the Sake of the World
There Is A Fountain`Selah`Press On
Spirit of the Living God`Vertical Worship`Church Songs
Spirit Break Out - Live`Kim Walker-Smith`Still Believe (Live)
Sovereign Over Us`Shane & Shane`Sovereign Over Us (The Worship Initiative Accompaniment)
Shores`Bryan & Katie Torwalt`Kingdom Come
So Will I (100 Billion X) - Live`Hillsong Worship`There Is More
Shepherd - Live`Bethel Music`You Make Me Brave (Live)
Scars`I AM THEY`Trial & Triumph
Run To The Father`Cody Carnes`Run To The Father
Open Heaven`Audacious`Bring The Praise
Nothing Else`Cody Carnes`Run To The Father
Like A Fire`Planetshakers`Outback Worship Sessions
More Than Enough`Audacious`Universe
Jesus Reigns - Live`New Life Worship`Strong God (Live)
Let the Redeemed`Josh Baldwin`Let the Redeemed
It Was Finished`Bryan & Katie Torwalt`Kingdom Come
Jesus Is Willing`Kristene DiMarco`Where His Light Was
In the Hands of the Potter`Casting Crowns`Only Jesus
I Want to Serve God`Sam McCabe`I Want to Serve God
I Will Look Up`Elevation Worship`Only King Forever
How Great Is Your Love - Live`Passion`Worthy Of Your Name (Live)
Here Again`Elevation Worship`Hallelujah Here Below
Anchor`Hillsong Worship`Glorious Ruins
Hell or High Water`People & Songs`Hell or High Water
You Crown The Year (Psalm 65:11)`Hillsong Worship`Glorious Ruins
Man of Sorrows`Hillsong Worship`Glorious Ruins
We Glorify Your Name`Hillsong Worship`Glorious Ruins
To Be Like You`Hillsong Worship`Glorious Ruins
God Who Saves`Hillsong Worship`Glorious Ruins
Glorious Ruins`Hillsong Worship`Glorious Ruins
Closer`Hillsong Worship`Glorious Ruins
Where The Spirit of the Lord Is`Hillsong Worship`Glorious Ruins
You Never Fail`Hillsong Worship`Glorious Ruins
Christ Is Enough`Hillsong Worship`Glorious Ruins
Always Will`Hillsong Worship`Glorious Ruins
Emmanuel`St Marks Worship`Emmanuel
The Cross Still Stands`Johnson Ferry Worship`Always Only Jesus
Creator Come`St Marks Worship`Creator Come
Come As You Are`Crowder`Neon Steeple
Christ Be Magnified - Live`Cory Asbury`Christ Be Magnified (Live)
Broken Vessels (Amazing Grace)`Hillsong Worship`No Other Name
The Call`Celtic Woman`Decade. The Songs, The Show, The Traditions, The Classics.
Steady Heart`Steffany Gretzinger`The Undoing
Be Still - Live`Hillsong Worship`There Is More
At the Foot of the Cross (Ashes to Beauty) - Live`Kathryn Scott`Satisfy (Live)
Always Good - Live`Bethel Music`Revival's In The Air (Live)
As the Deer`Shane & Shane`Vintage
Another In The Fire - Live`Hillsong UNITED`People (Live)
Ancient of Days`Shane & Shane`Vintage
Reign Above It All - Live`Bethel Music`Revival's In The Air (Live)
Alabaster Heart (Live)`Bethel Music`Alabaster Heart (Live)
Working for You`Jake Scott`Working for You
Son`Sleeping At Last`Atlas: II
Springtime`Chris Renzema`Let The Ground Rest
Got It In You`BANNERS`Got It In You
Wellerman - Sea Shanty`Nathan Evans`Wellerman (Sea Shanty)
Movies`Circa Waves`What's It Like Over There?
Get Away`Circa Waves`Young Chasers (Deluxe)
Brand New`Matthew West`Brand New
Happiness (Stripped)`Wingtip`Happiness (Stripped)
Milestone`Matt Walden`Milestone
The A Team`Ed Sheeran`+
Afterglow`Ed Sheeran`Afterglow
When Hope Came Down`Kari Jobe`Where I Find You: Christmas Edition
Overwhelmed`Harry Hudson`Hey, I'm Here For You
Raise Your Glass`P!nk`Raise Your Glass
Can't Let Go (feat. Harry Hudson)`Frank Walker`Can't Let Go (feat. Harry Hudson)
Closing Doors (ft Astrid S)`Harry Hudson`Hey, I'm Here For You
paper`LANY`mama's boy
better with you`Virginia To Vegas`a constant state of improvement.
I Need Your Love (feat. Ellie Goulding)`Calvin Harris`18 Months
Heroes (we could be)`Alesso`Forever (Deluxe)
Cool Kids`Echosmith`Talking Dreams (Deluxe Edition)
Superheroes`The Script`No Sound Without Silence
Victory Is Yours - Live`Bethel Music`Victory (Live)
Alps`Novo Amor`Alps
Undertow`Keelan Donovan`Keelan Donovan
Long Drive`Jason Mraz`YES!
Welcome Home`The Welcome Home`A Land Outside of This
The Stable Song`Gregory Alan Isakov`The Peanut Butter Falcon (Original Motion Picture Soundtrack)
Still Take You Home`Arctic Monkeys`Whatever People Say I Am, That's What I'm Not
Sight`Sleeping At Last`Atlas: II
Touch`Sleeping At Last`Atlas: II
Pride (with mxmtoon)`Noah Kahan`Pride
Old Guitar`BUNT.`Old Guitar
Duet (feat. Stephanie Briggs)`Penny and Sparrow`Tenboom
Let's See What The Night Can Do`Jason Mraz`Know.
Tough (feat. Noah Kahan)`Quinn XCII`From Michigan With Love
Hold Your Head Up High`Darlingside`Extralife
Sing of the Moon`The Collection`Listen to the River
Wonders Of Nature`Ten Towers`Wonders of Nature
All the Pretty Girls`KALEO`A/B
Giants`Dermot Kennedy`Without Fear
Death Was Arrested - Live`North Point Worship`Nothing Ordinary, Pt. 1 (Live)
Best of Me`Corey Harper`Barely Put Together
Fuel Up`Stornoway`Beachcomber's Windowsill
Refiner`Maverick City Music`Maverick City Vol. 2
This City Remix (feat. Anne-Marie)`Sam Fischer`This City Remix (feat. Anne-Marie)
Crazier Things (with Noah Kahan)`Chelsea Cutler`Crazier Things
Cherry Wine - Live`Hozier`Hozier
All The Heavens`Third Day`Offerings: A Worship Album
21 Guns`Green Day`21st Century Breakdown
West Coast`Imagine Dragons`Origins (Deluxe)
Come Out of that Grave (Resurrection Power) - Live`Bethel Music`Revival's In The Air (Live)
Maybe I Was the One`MyKey`Faces
The Parting Glass - Live from the Late Late Show`Hozier`The Parting Glass (Live from the Late Late Show)
In A Week`Hozier`Hozier (Special Edition)
Lucky`Sheffield`Lucky
I Dare You - Unplugged`Amber Run`I Dare You (Unplugged)
Of The Night`Bastille`All This Bad Blood
Never Lost (Live) (feat. Tauren Wells)`Elevation Worship`Graves Into Gardens (Live)
Authority (Live)`Elevation Worship`Graves Into Gardens (Live)
Available (Live)`Elevation Worship`Graves Into Gardens (Live)
Maine`Noah Kahan`Cape Elizabeth
Anyway`Noah Kahan`Cape Elizabeth
Glue Myself Shut`Noah Kahan`Cape Elizabeth
Close Behind`Noah Kahan`Cape Elizabeth
A Troubled Mind`Noah Kahan`Cape Elizabeth
RATTLE! (Live)`Elevation Worship`RATTLE! (Live)
Paper Planes`Elina`Paper Planes
Priest`Group Project`Priest
Swim - Reprise`Valley`Swim (Reprise)
Amen`Amber Run`The Assembly
My Testimony (Live)`Elevation Worship`My Testimony (Live)
The Blessing - Live`Kari Jobe`The Blessing (Live)
Drinkin' Problem`Midland`On The Rocks (Big Machine Radio Release Special)
Me And My Broken Heart`Rixton`Let The Road
My Love (feat. Jess Glynne)`Route 94`My Love (feat. Jess Glynne)
Mirage`Elina`Mirage
Free`Elina`Free
Older`Sasha Alex Sloan`Older
Offering`Audacious`Universe
There Is a Name - Live`Bethel Music`Victory (Live)
Reckless Love`Cory Asbury`Reckless Love
Graves Into Gardens (Live)`Elevation Worship`Graves Into Gardens (Live)
Him.Her.`James Gillespie`Safe.
Half Alive`Hunkpapa`Half Alive
Drive`Oh Wonder`Oh Wonder
Bayou`Mountains of the Moon`Bayou
Empty House`Billy Lockett`Empty House
Colour Me`Juke Ross`GREY
You'll Be Okay - Acoustic`Michael Schulte`Wide Awake
You Said You'd Grow Old with Me`Michael Schulte`Dreamer
I'll Make a Man Out of You`Donny Osmond`Mulan Original Soundtrack
Beautiful Life`The Collection`Entropy
How Great a King - Live`Bethel Music`Victory (Live)
You Say`Lauren Daigle`Look Up Child
Great Are You Lord - Live`All Sons & Daughters`Live
Do It Again`Elevation Worship`There Is a Cloud
Untitled #2`John Vincent III`Songs from the Valley
Portland, Maine`Donovan Woods`Portland, Maine
Homesick Remedy`MyKey`Homesick Remedy
What Have I Done`Dermot Kennedy`Without Fear
Always`By The Coast`You
Adeline`John-Robert`Adeline
Alone With You`Canyon City`Midnight Waves
No Hopers, Jokers & Rogues`The Fisherman’s Friends`Keep Hauling (Music From The Movie)
Maps`Maroon 5`V
Red Lights`Tiësto`A Town Called Paradise
When You Love Someone`James TW`Chapters
What A Beautiful Name`Hillsong Worship`let there be light.
Mighty To Save`Hillsong UNITED`With Hearts As One
Take Yours, I'll Take Mine`Matthew Mole`The Home We Built
Movie in My Mind`Saint Raymond`Young Blood
Heart's On Fire`Passenger`Whispers (Deluxe)
Soldier`James TW`Chapters
Am I Wrong`Nico & Vinz`Black Star Elephant
Dancing With Your Ghost`Sasha Alex Sloan`Dancing With Your Ghost
King And Lionheart`Of Monsters and Men`My Head Is An Animal
I'm with You`Vance Joy`Nation of Two
Lion and the Lamb`Bethel Music`Have It All (Live)
Rather Be (feat. Jess Glynne)`Clean Bandit`New Eyes
Titanium (feat. Sia)`David Guetta`Nothing but the Beat Ultimate
Blame It on Me`George Ezra`Wanted on Voyage
Faded`Alan Walker`Faded
Bonfire Heart`James Blunt`Moon Landing
You Make Me`Avicii`True
Outside (feat. Ellie Goulding)`Calvin Harris`Motion
I Will Never Let You Down`Rita Ora`I Will Never Let You Down
Budapest`George Ezra`Wanted on Voyage
All of Me`John Legend`Love In The Future (Expanded Edition)
Good Time`Owl City`The Midsummer Station
We Are Young (feat. Janelle Monáe)`fun.`Some Nights
Naive`The Kooks`Inside In / Inside Out
Put It All on Me (feat. Ella Mai)`Ed Sheeran`No.6 Collaborations Project
Small Bump`Ed Sheeran`+
The A Team`Ed Sheeran`+
Thinking out Loud`Ed Sheeran`x (Wembley Edition)
Photograph`Ed Sheeran`x (Wembley Edition)
Sing`Ed Sheeran`x (Wembley Edition)
Nancy Mulligan`Ed Sheeran`÷ (Deluxe)
Hearts Don't Break Around Here`Ed Sheeran`÷ (Deluxe)
Happier`Ed Sheeran`÷ (Deluxe)
Galway Girl`Ed Sheeran`÷ (Deluxe)
Dive`Ed Sheeran`÷ (Deluxe)
1000 Nights (feat. Meek Mill & A Boogie Wit da Hoodie)`Ed Sheeran`No.6 Collaborations Project
Nothing On You (feat. Paulo Londra & Dave)`Ed Sheeran`No.6 Collaborations Project
Feels (feat. Young Thug & J Hus)`Ed Sheeran`No.6 Collaborations Project
Remember The Name (feat. Eminem & 50 Cent)`Ed Sheeran`No.6 Collaborations Project
Take Me Back to London (feat. Stormzy)`Ed Sheeran`No.6 Collaborations Project
Best Part of Me (feat. YEBBA)`Ed Sheeran`No.6 Collaborations Project
Antisocial (with Travis Scott)`Ed Sheeran`No.6 Collaborations Project
Power Over Me`Dermot Kennedy`Dermot Kennedy
For Island Fires and Family`Dermot Kennedy`Dermot Kennedy
Runaway (U & I)`Galantis`Pharmacy
Love, Dad`Harry Hudson`Yesterday's Tomorrow Night
Cry For Love`Harry Hudson`Yesterday's Tomorrow Night
Whenimma`Harry Hudson`Yesterday's Tomorrow Night
Yellow Lights`Harry Hudson`Yesterday's Tomorrow Night
Smoke Filled Room`Mako`Hourglass
Our Story - Radio Edit`Mako`Our Story (Radio Edit)
Silence`Marshmello`Silence
Used To`Sandro Cavazza`Used To
Happy Now`Zedd`Happy Now
Lay By Me`Ruben`Melancholic
Glorious (feat. Skylar Grey)`Macklemore`Glorious (feat. Skylar Grey)
Wing$`Macklemore & Ryan Lewis`The Heist
Flapper Girl`The Lumineers`The Lumineers
Long Way From Home`The Lumineers`Cleopatra
Cleopatra`The Lumineers`Cleopatra
Sleep On The Floor`The Lumineers`Cleopatra
Ophelia`The Lumineers`Cleopatra
Promises Never Fail - Live`Bethel Music`Victory (Live)
Holy Spirit`Francesca Battistelli`If We're Honest (Deluxe Version)
Refiner's Fire`Vineyard Worship`Servant Wide Awake (Live from Vancouver, WA)
Shout to the Lord - Live`Hillsong Worship`Shout to the Lord (Live)
10,000 Reasons (Bless The Lord) - Live`Matt Redman`10,000 Reasons (Live)
Oceans (Where Feet May Fail)`Hillsong UNITED`Zion (Deluxe Edition)
Way Maker - Live`Leeland`Better Word (Live)
Unstoppable God`Elevation Worship`Wake Up The Wonder
You Make Me Brave (Live)`Bethel Music`You Make Me Brave (Live)
Keep Your Eyes on Me`Chelsea Nogas`Keep Your Eyes on Me
In Over My Head (Crash Over Me) - Live`Bethel Music`We Will Not Be Shaken (Live)
Home - Live`Bethel Music`We Will Not Be Shaken (Live)
Every Crown - Live`Bethel Music`Victory (Live)
Glorious Day (Living He Loved Me)`Casting Crowns`Until The Whole World Hears
Home`Casting Crowns`Only Jesus
Drenched in Love - Live`Bethel Music`Victory (Live)
Christ Is Risen - Live`Bethel Music`Victory (Live)
Endless Alleluia - Live`Bethel Music`Victory (Live)
Be Thou My Vision`4Him`Hymns: A Place Of Worship
Be Enthroned - Live`Bethel Music`Have It All (Live)
Awaken Me`Casting Crowns`Only Jesus
O Come to the Altar (Live)`Elevation Worship`Here As In Heaven
King Of Kings - Studio`Hillsong Worship`Awake
Goodness of God - Live`Bethel Music`Victory (Live)
It Is Well (Live)`Bethel Music`You Make Me Brave (Live)
Stand in Your Love - Live`Bethel Music`Victory (Live)
Ever Be - Live`Bethel Music`We Will Not Be Shaken (Live)
Raise a Hallelujah - Live`Bethel Music`Victory (Live)
King of My Heart - Live`Bethel Music`Starlight (Live)
Hold Me Down`James Gillespie`Hold Me Down
Be Alright`Dean Lewis`Be Alright (Acoustic)
Straight Back Down`Dean Lewis`A Place We Knew
Chemicals`Dean Lewis`A Place We Knew
Stay Awake`Dean Lewis`A Place We Knew
7 Minutes`Dean Lewis`A Place We Knew
Hold Of Me`Dean Lewis`A Place We Knew
Don’t Hold Me`Dean Lewis`A Place We Knew
For The Last Time`Dean Lewis`A Place We Knew
Half A Man`Dean Lewis`A Place We Knew
Waves`Dean Lewis`A Place We Knew
Fine`Noah Kahan`Fine
Hurt Somebody`Noah Kahan`Hurt Somebody
Catastrophize`Noah Kahan`Hurt Somebody
Come Down`Noah Kahan`Come Down
Carlo's Song`Noah Kahan`Busyhead
Tidal`Noah Kahan`Busyhead
Sink`Noah Kahan`Busyhead
Cynic`Noah Kahan`Busyhead
Save Me`Noah Kahan`Busyhead
Busyhead`Noah Kahan`Busyhead
Hurt Somebody`Noah Kahan`Busyhead
Oceans`Seafret`Tell Me It's Real (Expanded Edition)
Young Blood`Noah Kahan`Busyhead
Mess`Noah Kahan`Busyhead
The Night We Met`Lord Huron`Strange Trails
Angel Of Small Death & The Codeine Scene`Hozier`Hozier
Like Gold`Vance Joy`Nation of Two
A Place We Knew`Dean Lewis`A Place We Knew
Bitter Pill`Gavin James`Bitter Pill (Deluxe Version)
No Right To Love You - Acoustic`Rhys Lewis`No Right To Love You (Acoustic)
Better Than Today`Rhys Lewis`Better Than Today
Incredible`James TW`Chapters
Like Real People Do`Hozier`Hozier (Special Edition)
Arsonist's Lullabye`Hozier`Hozier (Special Edition)
A closeness`Dermot Kennedy`Doves & Ravens
Let Her Go`Passenger`All the Little Lights (Deluxe Version)
I Found`Amber Run`5AM (Expanded Edition)
Work Song`Hozier`Hozier (Special Edition)
From Eden`Hozier`Hozier (Special Edition)
To Be Alone`Hozier`Hozier (Special Edition)
Jackie And Wilson`Hozier`Hozier (Special Edition)
Someone New`Hozier`Hozier (Special Edition)
Talk`Hozier`Wasteland, Baby!
Be`Hozier`Wasteland, Baby!
Shrike`Hozier`Wasteland, Baby!
Movement`Hozier`Wasteland, Baby!
I Can't Make You Love Me`Dave Thomas Junior`I Can't Make You Love Me
Ends of the Earth`Lord Huron`Lonesome Dreams
Slow It Down`The Lumineers`The Lumineers (Deluxe Edition)
Someone New`Hozier`Hozier
Dirty Paws`Of Monsters and Men`My Head Is An Animal
Flowers In Your Hair`The Lumineers`The Lumineers (Deluxe Edition)
If You Ever Wanna Be In Love - James Bay Spotify Session 2015`James Bay`James Bay Spotify Session 2015
Work Song`Hozier`Hozier
Love Someone`Jason Mraz`YES!
Fire and the Flood`Vance Joy`Dream Your Life Away (Special Edition)
Like Real People Do`Hozier`Hozier
Stubborn Love`The Lumineers`The Lumineers (Deluxe Edition)
Mess Is Mine`Vance Joy`Dream Your Life Away
Perfect`Ed Sheeran`÷ (Deluxe)
Lego House`Ed Sheeran`+
Kiss Me`Ed Sheeran`+
Georgia`Vance Joy`Dream Your Life Away
"I See Fire - From ""The Hobbit - The Desolation Of Smaug"""`Ed Sheeran`The Hobbit - The Desolation Of Smaug (Original Motion Picture Soundtrack / Special Edition)
I Won't Give Up`Jason Mraz`Love Is a Four Letter Word (Deluxe Edition)
Summer Of '69`Bryan Adams`Reckless (30th Anniversary / Deluxe Edition)
Lemon to a Knife Fight`The Wombats`Beautiful People Will Ruin Your Life
T-Shirt Weather`Circa Waves`Young Chasers (Deluxe)
Jacqueline`Circa Waves`Jacqueline
Destination Rollercoaster`Vallance`Destination Rollercoaster
Keeps Returning`Vallance`Keeps Returning
Laura Palmer`Bastille`All This Bad Blood
Get Home`Bastille`All This Bad Blood
Daniel In The Den`Bastille`All This Bad Blood
Flaws`Bastille`All This Bad Blood
Icarus`Bastille`All This Bad Blood
These Streets`Bastille`All This Bad Blood
Weight Of Living, Pt. II`Bastille`All This Bad Blood
Overjoyed`Bastille`All This Bad Blood
Bad Blood`Bastille`All This Bad Blood
Things We Lost In The Fire`Bastille`All This Bad Blood
Winter Of Our Youth`Bastille`Wild World
Snakes`Bastille`Wild World
Blame`Bastille`Wild World
Fake It`Bastille`Wild World
Four Walls (The Ballad Of Perry Smith)`Bastille`Wild World
Lethargy`Bastille`Wild World
Two Evils`Bastille`Wild World
Send Them Off!`Bastille`Wild World
Power`Bastille`Wild World
Glory`Bastille`Wild World
Warmth`Bastille`Wild World
An Act Of Kindness`Bastille`Wild World
The Currents`Bastille`Wild World
Good Grief`Bastille`Wild World
Those Nights`Bastille`Doom Days (This Got Out Of Hand Edition)
Joy`Bastille`Doom Days (This Got Out Of Hand Edition)
4AM`Bastille`Doom Days (This Got Out Of Hand Edition)
Another Place`Bastille`Doom Days (This Got Out Of Hand Edition)
Doom Days`Bastille`Doom Days (This Got Out Of Hand Edition)
Nocturnal Creatures`Bastille`Doom Days (This Got Out Of Hand Edition)
Million Pieces`Bastille`Doom Days (This Got Out Of Hand Edition)
Divide`Bastille`Doom Days (This Got Out Of Hand Edition)
The Waves`Bastille`Doom Days (This Got Out Of Hand Edition)
Bad Decisions`Bastille`Doom Days (This Got Out Of Hand Edition)
Quarter Past Midnight`Bastille`Doom Days (This Got Out Of Hand Edition)
Fossils`Circa Waves`Young Chasers
Fire That Burns`Circa Waves`Different Creatures
Are You In Love With A Notion?`Courteeners`ANNA
Tyrants`Catfish and the Bottlemen`The Balcony
Sidewinder`Catfish and the Bottlemen`The Balcony
26`Catfish and the Bottlemen`The Balcony
Rango`Catfish and the Bottlemen`The Balcony
Business`Catfish and the Bottlemen`The Balcony
Pacifier`Catfish and the Bottlemen`The Balcony
Hourglass`Catfish and the Bottlemen`The Balcony
Fallout`Catfish and the Bottlemen`The Balcony
Cocoon`Catfish and the Bottlemen`The Balcony
Kathleen`Catfish and the Bottlemen`The Balcony
Overlap`Catfish and the Bottlemen`The Balance
Homesick`Catfish and the Bottlemen`The Balcony
Coincide`Catfish and the Bottlemen`The Balance
Intermission`Catfish and the Bottlemen`The Balance
Basically`Catfish and the Bottlemen`The Balance
Mission`Catfish and the Bottlemen`The Balance
Encore`Catfish and the Bottlemen`The Balance
Conversation`Catfish and the Bottlemen`The Balance
Sidetrack`Catfish and the Bottlemen`The Balance
Fluctuate`Catfish and the Bottlemen`The Balance
2all`Catfish and the Bottlemen`The Balance
Outside`Catfish and the Bottlemen`The Ride
Longshot`Catfish and the Bottlemen`The Balance
Heathrow`Catfish and the Bottlemen`The Ride
Emily`Catfish and the Bottlemen`The Ride
Red`Catfish and the Bottlemen`The Ride
Oxygen`Catfish and the Bottlemen`The Ride
Glasgow`Catfish and the Bottlemen`The Ride
Anything`Catfish and the Bottlemen`The Ride
Postpone`Catfish and the Bottlemen`The Ride
Soundcheck`Catfish and the Bottlemen`The Ride
Twice`Catfish and the Bottlemen`The Ride
7`Catfish and the Bottlemen`The Ride
Waves - Robin Schulz Radio Edit`Mr. Probz`Waves (Robin Schulz Radio Edit)
Wake Me Up`Avicii`True
Summer`Calvin Harris`Motion
Stay With Me`Sam Smith`In The Lonely Hour
Some Nights`fun.`Summer Songs
Shut Up and Dance`WALK THE MOON`TALKING IS HARD (Expanded Edition)
Riptide`Vance Joy`Dream Your Life Away
On Top Of The World`Imagine Dragons`Night Visions
Pompeii`Bastille`All This Bad Blood
The Nights`Avicii`The Days / Nights
The Man`Aloe Blacc`Lift Your Spirit
Money On My Mind`Sam Smith`In The Lonely Hour
Little Talks`Of Monsters and Men`My Head Is An Animal
Love Runs Out`OneRepublic`Native
La La La`Naughty Boy`Hotel Cabana (Deluxe Version)
I Will Wait`Mumford & Sons`Babel
I'm Yours`Jason Mraz`We Sing. We Dance. We Steal Things. (Bonus Tracks Version)
Ho Hey`The Lumineers`The Lumineers (Deluxe Edition)
Hey, Soul Sister`Train`Save Me, San Francisco (Golden Gate Edition)
Hey Brother`Avicii`True
Hall of Fame (feat. will.i.am)`The Script`#3 Deluxe Version
Good Old Days (feat. Kesha)`Macklemore`GEMINI
Glad You Came`The Wanted`Battleground (Deluxe Edition)
Geronimo`Sheppard`Bombs Away
Fireflies`Owl City`Ocean Eyes
Drive By`Train`California 37
Feel So Close - Radio Edit`Calvin Harris`18 Months
Counting Stars`OneRepublic`Native
Cheerleader - Felix Jaehn Remix Radio Edit`OMI`Me 4 U
Centuries`Fall Out Boy`American Beauty/American Psycho
Breakeven`The Script`The Script
Can't Hold Us (feat. Ray Dalton)`Macklemore & Ryan Lewis`The Heist
Blame (feat. John Newman)`Calvin Harris`Motion
Best Day Of My Life`American Authors`Oh, What A Life
Are You With Me - Radio Edit`Lost Frequencies`Less Is More
All of Me - Tiësto's Birthday Treatment Remix - Radio Edit`John Legend`All of Me (Tiësto's Birthday Treatment Remix - Radio Edit)
